{
  "address": "0x48Eb8076DF9D365D13D2aFfFC590d4ea3241DA5F",
  "transactions": [
    {
      "payload": "0xfa2d8c90",
      "value": 0,
      "gasLimit": 500000,
      "gasPrice": 1.2360064e-8,
      "gasUsed": 188292
    },
    {
      "payload": "0xfa2d8c90",
      "value": 0,
      "gasLimit": 1900000,
      "gasPrice": 8e-9,
      "gasUsed": 173292
    },
    {
      "payload": "0xfa2d8c90",
      "value": 0,
      "gasLimit": 500000,
      "gasPrice": 8.635234286e-9,
      "gasUsed": 22573
    }
  ]
}